-- ==== SEED DATA for cgps ====
-- Password hashing: SHA-256(salt || password)
-- Admin SALT:    e24ef161-2db4-498c-b8f9-b274010e14bf
-- Customer SALT: 7606b51f-da19-4f14-9f87-11259fbaeb24

BEGIN;

-- Admins
-- username=admin1  password=Admin@123
INSERT INTO admins (id, username, password) VALUES 
(1, 'admin1', 'f76a0ce62af70256c95031b66bf415d0c6ab59fe392d6b684b4cc56ba16b3235');
-- username=admin2  password=Admin@456
INSERT INTO admins (id, username, password) VALUES 
(2, 'admin2', '770e487676ef648c2d802b082de5dd3c6c70f82a51c0c81c5e4b3610d0b1d148');

-- Passports
INSERT INTO passports (id, no, country_code, gender, first_name, last_name, expired_at, created_at, updated_at) VALUES 
(1, 'AC000001', 'NZ', 'F', 'Alice', 'Ng', '2030-12-31', '2025-08-01 09:00:00', '2025-08-01 09:00:00'),
(2, 'AC000002', 'AU', 'M', 'Bob', 'Smith', '2031-12-31', '2025-08-01 09:00:00', '2025-08-01 09:00:00'),
(3, 'AC000003', 'NZ', 'M', 'Charlie', 'Brown', '2032-12-31', '2025-08-01 09:00:00', '2025-08-01 09:00:00'),
(4, 'AC000004', 'NZ', 'F', 'Diana', 'Lee', '2033-12-31', '2025-08-01 09:00:00', '2025-08-01 09:00:00'),
(5, 'AC000005', 'AU', 'M', 'Edward', 'Kim', '2034-12-31', '2025-08-01 09:00:00', '2025-08-01 09:00:00');

-- Driver Licenses
INSERT INTO driver_licenses (id, no, country_code, expired_at, created_at, updated_at) VALUES 
(1, 'DV000001', 'NZ', '2030-06-30', '2025-08-01 09:00:00', '2025-08-01 09:00:00'),
(2, 'DV000002', 'AU', '2031-06-30', '2025-08-01 09:00:00', '2025-08-01 09:00:00'),
(3, 'DV000003', 'NZ', '2032-06-30', '2025-08-01 09:00:00', '2025-08-01 09:00:00'),
(4, 'DV000004', 'NZ', '2033-06-30', '2025-08-01 09:00:00', '2025-08-01 09:00:00'),
(5, 'DV000005', 'AU', '2034-06-30', '2025-08-01 09:00:00', '2025-08-01 09:00:00');

-- Tracking Devices
INSERT INTO tracking_devices (id, gsm_provider, gsm_no, created_at, updated_at) VALUES 
(1, 'Vodafone', '+64-22-700-1000', '2025-08-01 09:00:00', '2025-08-01 09:00:00'),
(2, 'Spark', '+64-22-700-1001', '2025-08-01 09:00:00', '2025-08-01 09:00:00'),
(3, '2degrees', '+64-22-700-1002', '2025-08-01 09:00:00', '2025-08-01 09:00:00'),
(4, 'Vodafone', '+64-22-700-1003', '2025-08-01 09:00:00', '2025-08-01 09:00:00'),
(5, 'Spark', '+64-22-700-1004', '2025-08-01 09:00:00', '2025-08-01 09:00:00'),
(6, '2degrees', '+64-22-700-1005', '2025-08-01 09:00:00', '2025-08-01 09:00:00'),
(7, 'Vodafone', '+64-22-700-1006', '2025-08-01 09:00:00', '2025-08-01 09:00:00'),
(8, 'Spark', '+64-22-700-1007', '2025-08-01 09:00:00', '2025-08-01 09:00:00'),
(9, '2degrees', '+64-22-700-1008', '2025-08-01 09:00:00', '2025-08-01 09:00:00'),
(10, 'Vodafone', '+64-22-700-1009', '2025-08-01 09:00:00', '2025-08-01 09:00:00');

-- Customers
-- username=alice  password=Cust@001
INSERT INTO customers (id, username, password, email_address, address, birthdate, mobile_no, passport_id, driver_license_id, created_at, updated_at) VALUES 
(1, 'alice', '59d4baef00cce8f408ddf29928bdb00de27f1da1e4fac80340d7f9ec3a6405c9', 'alice@example.com', '1 Example St, Auckland', '1991-01-01', '+64-21-555-1001', 1, 1, '2025-08-01 09:00:00', '2025-08-01 09:00:00');
-- username=bob  password=Cust@002
INSERT INTO customers (id, username, password, email_address, address, birthdate, mobile_no, passport_id, driver_license_id, created_at, updated_at) VALUES 
(2, 'bob', '2d897a9cd37e4f9715fa03aabfe424578e0090c82b0bfc2d122eb3edfe7a5e9e', 'bob@example.com', '2 Example St, Auckland', '1992-02-02', '+64-21-555-1002', 2, 2, '2025-08-01 09:00:00', '2025-08-01 09:00:00');
-- username=charlie  password=Cust@003
INSERT INTO customers (id, username, password, email_address, address, birthdate, mobile_no, passport_id, driver_license_id, created_at, updated_at) VALUES 
(3, 'charlie', '84f4d3d3d70598c4cef5bbf1a2d385bb6ac0b195bee2152d576127d6243959ab', 'charlie@example.com', '3 Example St, Auckland', '1993-03-03', '+64-21-555-1003', 3, 3, '2025-08-01 09:00:00', '2025-08-01 09:00:00');
-- username=diana  password=Cust@004
INSERT INTO customers (id, username, password, email_address, address, birthdate, mobile_no, passport_id, driver_license_id, created_at, updated_at) VALUES 
(4, 'diana', '32bc19c42cf6e936aadcb1e24fadc753d4c3382382b7d39721b67bb49b6c013d', 'diana@example.com', '4 Example St, Auckland', '1994-04-04', '+64-21-555-1004', 4, 4, '2025-08-01 09:00:00', '2025-08-01 09:00:00');
-- username=edward  password=Cust@005
INSERT INTO customers (id, username, password, email_address, address, birthdate, mobile_no, passport_id, driver_license_id, created_at, updated_at) VALUES 
(5, 'edward', 'ee7885fca9c976131170d95491a34e8274af975dbe320225a63ee24eddbf645f', 'edward@example.com', '5 Example St, Auckland', '1995-05-05', '+64-21-555-1005', 5, 5, '2025-08-01 09:00:00', '2025-08-01 09:00:00');

-- Cars (each linked to a tracking_device)
INSERT INTO cars (id, plate_license, engine_number, fuel_type, make, model, year, color, type, seat, mileage, minimum_rent, maximum_rent, factory_date, weekday_rate, weekend_rate, available, tracking_device_id, created_at, updated_at) VALUES 
(1, 'CGP-100', 'ENG00000', 'petrol', 'Toyota', 'Corolla', 2018, 'blue', 'sedan', 5, 80000, 1, 30, '2018-01-15', 50, 60, 1, 1, '2025-08-01 09:00:00', '2025-08-01 09:00:00'),
(2, 'CGP-101', 'ENG00001', 'petrol', 'Honda', 'Civic', 2019, 'white', 'sedan', 5, 60000, 2, 25, '2019-01-15', 55, 65, 1, 2, '2025-08-01 09:00:00', '2025-08-01 09:00:00'),
(3, 'CGP-102', 'ENG00002', 'diesel', 'Ford', 'Focus', 2020, 'red', 'hatch', 5, 40000, 1, 15, '2020-01-15', 60, 70, 1, 3, '2025-08-01 09:00:00', '2025-08-01 09:00:00'),
(4, 'CGP-103', 'ENG00003', 'ev', 'Tesla', 'Model 3', 2021, 'black', 'sedan', 5, 30000, 3, 60, '2021-01-15', 65, 75, 1, 4, '2025-08-01 09:00:00', '2025-08-01 09:00:00'),
(5, 'CGP-104', 'ENG00004', 'ev', 'Nissan', 'Leaf', 2022, 'green', 'hatch', 5, 20000, 1, 45, '2022-01-15', 70, 80, 1, 5, '2025-08-01 09:00:00', '2025-08-01 09:00:00'),
(6, 'CGP-105', 'ENG00005', 'petrol', 'Hyundai', 'Tucson', 2023, 'silver', 'suv', 5, 10000, 1, 20, '2023-01-15', 75, 85, 1, 6, '2025-08-01 09:00:00', '2025-08-01 09:00:00'),
(7, 'CGP-106', 'ENG00006', 'petrol', 'Kia', 'Sportage', 2024, 'grey', 'suv', 5, 8000, 1, 10, '2024-01-15', 80, 90, 1, 7, '2025-08-01 09:00:00', '2025-08-01 09:00:00'),
(8, 'CGP-107', 'ENG00007', 'petrol', 'Mazda', 'CX-5', 2018, 'white', 'suv', 5, 90000, 2, 20, '2018-01-15', 85, 95, 1, 8, '2025-08-01 09:00:00', '2025-08-01 09:00:00'),
(9, 'CGP-108', 'ENG00008', 'petrol', 'Subaru', 'Impreza', 2019, 'blue', 'hatch', 5, 70000, 1, 25, '2019-01-15', 90, 100, 1, 9, '2025-08-01 09:00:00', '2025-08-01 09:00:00'),
(10, 'CGP-109', 'ENG00009', 'petrol', 'BMW', '3 Series', 2020, 'black', 'sedan', 5, 50000, 3, 40, '2020-01-15', 95, 105, 1, 10, '2025-08-01 09:00:00', '2025-08-01 09:00:00');

-- Trackings (6 records per device)
INSERT INTO trackings (id, latitude, longitude, fuel_level, fuel_litre, fuel_kwh, speed_kmh, engine_status, gps_signal_level, gsm_signal_level, car_id, tracking_device_id, created_at, updated_at) VALUES 
(1, -36.826614, 174.659466, 97.8, NULL, NULL, 67.7, 1, 4.46, 0.43, 1, 1, '2025-08-01 09:00:00', '2025-08-01 09:00:00'),
(2, -36.823676, 174.655598, 91.3, NULL, NULL, 50.5, 1, 0.13, 0.99, 1, 1, '2025-08-01 10:00:00', '2025-08-01 10:00:00'),
(3, -36.819117, 174.665901, 83.3, NULL, NULL, 58.9, 1, 4.05, 0.03, 1, 1, '2025-08-01 11:00:00', '2025-08-01 11:00:00'),
(4, -36.815998, 174.668965, 75.0, NULL, NULL, 15.5, 1, 4.79, 1.68, 1, 1, '2025-08-01 12:00:00', '2025-08-01 12:00:00'),
(5, -36.830260, 174.656936, 65.5, NULL, NULL, 60.4, 1, 4.04, 3.65, 1, 1, '2025-08-01 13:00:00', '2025-08-01 13:00:00'),
(6, -36.821390, 174.674464, 58.9, NULL, NULL, 55.2, 1, 4.15, 3.09, 1, 1, '2025-08-01 14:00:00', '2025-08-01 14:00:00'),
(7, -36.773567, 174.766387, 99.3, NULL, NULL, 28.9, 1, 0.40, 1.16, 2, 2, '2025-08-02 09:00:00', '2025-08-02 09:00:00'),
(8, -36.785639, 174.771030, 90.1, NULL, NULL, 36.5, 1, 1.85, 1.05, 2, 2, '2025-08-02 10:00:00', '2025-08-02 10:00:00'),
(9, -36.782319, 174.784204, 82.1, NULL, NULL, 60.9, 1, 0.86, 3.65, 2, 2, '2025-08-02 11:00:00', '2025-08-02 11:00:00'),
(10, -36.784391, 174.773060, 73.0, NULL, NULL, 64.0, 1, 2.78, 3.42, 2, 2, '2025-08-02 12:00:00', '2025-08-02 12:00:00'),
(11, -36.770802, 174.780990, 67.3, NULL, NULL, 3.2, 1, 1.58, 1.34, 2, 2, '2025-08-02 13:00:00', '2025-08-02 13:00:00'),
(12, -36.783439, 174.784329, 57.4, NULL, NULL, 31.5, 1, 3.28, 1.98, 2, 2, '2025-08-02 14:00:00', '2025-08-02 14:00:00'),
(13, -36.771793, 174.746703, 98.3, NULL, NULL, 26.3, 1, 2.92, 4.49, 3, 3, '2025-08-03 09:00:00', '2025-08-03 09:00:00'),
(14, -36.769102, 174.746157, 89.0, NULL, NULL, 51.0, 1, 0.45, 0.24, 3, 3, '2025-08-03 10:00:00', '2025-08-03 10:00:00'),
(15, -36.774897, 174.754319, 81.6, NULL, NULL, 42.2, 1, 0.32, 1.91, 3, 3, '2025-08-03 11:00:00', '2025-08-03 11:00:00'),
(16, -36.757168, 174.752353, 73.1, NULL, NULL, 86.1, 1, 0.06, 3.60, 3, 3, '2025-08-03 12:00:00', '2025-08-03 12:00:00'),
(17, -36.763456, 174.752510, 67.2, NULL, NULL, 64.1, 1, 0.56, 2.17, 3, 3, '2025-08-03 13:00:00', '2025-08-03 13:00:00'),
(18, -36.768016, 174.760847, 57.4, NULL, NULL, 26.3, 1, 2.50, 0.89, 3, 3, '2025-08-03 14:00:00', '2025-08-03 14:00:00'),
(19, -36.771506, 174.836883, 98.2, NULL, NULL, 15.3, 1, 3.81, 2.70, 4, 4, '2025-08-04 09:00:00', '2025-08-04 09:00:00'),
(20, -36.761902, 174.834711, 92.0, NULL, NULL, 32.4, 1, 0.10, 4.65, 4, 4, '2025-08-04 10:00:00', '2025-08-04 10:00:00'),
(21, -36.759900, 174.840737, 83.1, NULL, NULL, 5.8, 1, 4.39, 4.73, 4, 4, '2025-08-04 11:00:00', '2025-08-04 11:00:00'),
(22, -36.775761, 174.833824, 75.8, NULL, NULL, 76.1, 1, 3.83, 0.64, 4, 4, '2025-08-04 12:00:00', '2025-08-04 12:00:00'),
(23, -36.767969, 174.835100, 67.2, NULL, NULL, 87.2, 1, 2.12, 1.06, 4, 4, '2025-08-04 13:00:00', '2025-08-04 13:00:00'),
(24, -36.766689, 174.838702, 59.4, NULL, NULL, 31.2, 1, 4.98, 3.25, 4, 4, '2025-08-04 14:00:00', '2025-08-04 14:00:00'),
(25, -36.869960, 174.758009, 99.0, NULL, NULL, 58.8, 1, 1.15, 1.10, 5, 5, '2025-08-05 09:00:00', '2025-08-05 09:00:00'),
(26, -36.870960, 174.766137, 91.3, NULL, NULL, 90.5, 1, 4.30, 0.35, 5, 5, '2025-08-05 10:00:00', '2025-08-05 10:00:00'),
(27, -36.867620, 174.766895, 83.4, NULL, NULL, 13.2, 1, 4.68, 2.86, 5, 5, '2025-08-05 11:00:00', '2025-08-05 11:00:00'),
(28, -36.862927, 174.769208, 73.6, NULL, NULL, 19.0, 1, 0.48, 2.16, 5, 5, '2025-08-05 12:00:00', '2025-08-05 12:00:00'),
(29, -36.863908, 174.762856, 65.8, NULL, NULL, 67.3, 1, 4.92, 0.49, 5, 5, '2025-08-05 13:00:00', '2025-08-05 13:00:00'),
(30, -36.864328, 174.760301, 57.4, NULL, NULL, 24.9, 1, 0.95, 2.24, 5, 5, '2025-08-05 14:00:00', '2025-08-05 14:00:00'),
(31, -36.870628, 174.724174, 98.7, NULL, NULL, 86.1, 1, 2.75, 0.25, 6, 6, '2025-08-06 09:00:00', '2025-08-06 09:00:00'),
(32, -36.855638, 174.722430, 89.1, NULL, NULL, 92.6, 1, 4.24, 0.83, 6, 6, '2025-08-06 10:00:00', '2025-08-06 10:00:00'),
(33, -36.865911, 174.709984, 82.8, NULL, NULL, 5.9, 1, 1.89, 4.93, 6, 6, '2025-08-06 11:00:00', '2025-08-06 11:00:00'),
(34, -36.870320, 174.721390, 74.6, NULL, NULL, 42.3, 1, 4.79, 4.98, 6, 6, '2025-08-06 12:00:00', '2025-08-06 12:00:00'),
(35, -36.864508, 174.720077, 67.5, NULL, NULL, 29.7, 1, 4.84, 2.90, 6, 6, '2025-08-06 13:00:00', '2025-08-06 13:00:00'),
(36, -36.864780, 174.720669, 59.8, NULL, NULL, 58.4, 1, 2.51, 4.26, 6, 6, '2025-08-06 14:00:00', '2025-08-06 14:00:00'),
(37, -36.926911, 174.845872, 98.2, NULL, NULL, 67.5, 1, 1.18, 0.60, 7, 7, '2025-08-07 09:00:00', '2025-08-07 09:00:00'),
(38, -36.910708, 174.847080, 90.2, NULL, NULL, 61.9, 1, 2.10, 2.92, 7, 7, '2025-08-07 10:00:00', '2025-08-07 10:00:00'),
(39, -36.918058, 174.860850, 83.4, NULL, NULL, 71.6, 1, 1.19, 1.98, 7, 7, '2025-08-07 11:00:00', '2025-08-07 11:00:00'),
(40, -36.915080, 174.848156, 75.1, NULL, NULL, 75.2, 1, 0.36, 2.29, 7, 7, '2025-08-07 12:00:00', '2025-08-07 12:00:00'),
(41, -36.908544, 174.862078, 67.8, NULL, NULL, 21.3, 1, 1.33, 4.67, 7, 7, '2025-08-07 13:00:00', '2025-08-07 13:00:00'),
(42, -36.910896, 174.859741, 58.9, NULL, NULL, 15.8, 1, 4.17, 3.52, 7, 7, '2025-08-07 14:00:00', '2025-08-07 14:00:00'),
(43, -36.824585, 174.847603, 97.5, NULL, NULL, 29.9, 1, 3.32, 4.69, 8, 8, '2025-08-08 09:00:00', '2025-08-08 09:00:00'),
(44, -36.834979, 174.849755, 91.7, NULL, NULL, 55.3, 1, 1.36, 3.02, 8, 8, '2025-08-08 10:00:00', '2025-08-08 10:00:00'),
(45, -36.823312, 174.851519, 82.1, NULL, NULL, 26.4, 1, 2.44, 4.53, 8, 8, '2025-08-08 11:00:00', '2025-08-08 11:00:00'),
(46, -36.820742, 174.849293, 74.7, NULL, NULL, 27.7, 1, 0.02, 3.86, 8, 8, '2025-08-08 12:00:00', '2025-08-08 12:00:00'),
(47, -36.824922, 174.852686, 65.8, NULL, NULL, 55.2, 1, 2.14, 0.05, 8, 8, '2025-08-08 13:00:00', '2025-08-08 13:00:00'),
(48, -36.836160, 174.865109, 57.3, NULL, NULL, 54.6, 1, 4.17, 2.91, 8, 8, '2025-08-08 14:00:00', '2025-08-08 14:00:00'),
(49, -36.924216, 174.693469, 97.6, NULL, NULL, 86.1, 1, 4.49, 1.05, 9, 9, '2025-08-09 09:00:00', '2025-08-09 09:00:00'),
(50, -36.925391, 174.677545, 89.7, NULL, NULL, 88.4, 1, 2.03, 3.10, 9, 9, '2025-08-09 10:00:00', '2025-08-09 10:00:00'),
(51, -36.927290, 174.694087, 81.4, NULL, NULL, 97.6, 1, 4.05, 4.41, 9, 9, '2025-08-09 11:00:00', '2025-08-09 11:00:00'),
(52, -36.929886, 174.690220, 75.0, NULL, NULL, 93.1, 1, 4.01, 4.32, 9, 9, '2025-08-09 12:00:00', '2025-08-09 12:00:00'),
(53, -36.914166, 174.680825, 65.6, NULL, NULL, 10.8, 1, 4.36, 4.29, 9, 9, '2025-08-09 13:00:00', '2025-08-09 13:00:00'),
(54, -36.925933, 174.691821, 58.6, NULL, NULL, 30.5, 1, 3.98, 1.14, 9, 9, '2025-08-09 14:00:00', '2025-08-09 14:00:00'),
(55, -36.948702, 174.705913, 97.1, NULL, NULL, 27.9, 1, 3.21, 2.00, 10, 10, '2025-08-10 09:00:00', '2025-08-10 09:00:00'),
(56, -36.935644, 174.699350, 89.2, NULL, NULL, 11.5, 1, 4.85, 0.89, 10, 10, '2025-08-10 10:00:00', '2025-08-10 10:00:00'),
(57, -36.936016, 174.693935, 83.7, NULL, NULL, 43.5, 1, 3.64, 1.57, 10, 10, '2025-08-10 11:00:00', '2025-08-10 11:00:00'),
(58, -36.943143, 174.698854, 74.8, NULL, NULL, 57.7, 1, 1.27, 3.54, 10, 10, '2025-08-10 12:00:00', '2025-08-10 12:00:00'),
(59, -36.955233, 174.707137, 66.4, NULL, NULL, 71.9, 1, 3.71, 3.35, 10, 10, '2025-08-10 13:00:00', '2025-08-10 13:00:00'),
(60, -36.947983, 174.690025, 58.0, NULL, NULL, 33.0, 1, 1.57, 4.24, 10, 10, '2025-08-10 14:00:00', '2025-08-10 14:00:00');

-- Orders
INSERT INTO orders (id, customer_id, car_id, started_at, ended_at, receive_at, return_at, total_day, total_weekday_amount, total_weekend_amount, total_amount, created_at, updated_at, rejected_at, approved_at) VALUES 
(1, 1, 1, '2025-08-05 19:00:00', '2025-08-08 18:00:00', '2025-08-05 19:00:00', '2025-08-08 18:00:00', 3, 150, 0, 150, '2025-08-05 19:00:00', '2025-08-08 18:00:00', NULL, '2025-08-08 18:00:00');
INSERT INTO invoices (id, order_id, amount, paid_amount, paid_at, created_at, updated_at) VALUES 
(1, 1, 150, 150, '2025-08-08 18:00:00', '2025-08-08 18:00:00', '2025-08-08 18:00:00');
INSERT INTO orders (id, customer_id, car_id, started_at, ended_at, receive_at, return_at, total_day, total_weekday_amount, total_weekend_amount, total_amount, created_at, updated_at, rejected_at, approved_at) VALUES 
(2, 1, 2, '2025-08-11 19:00:00', '2025-08-13 18:00:00', NULL, NULL, 2, 110, 0, 110, '2025-08-11 19:00:00', '2025-08-13 18:00:00', '2025-08-08 18:00:00', NULL);
INSERT INTO invoices (id, order_id, amount, paid_amount, paid_at, created_at, updated_at) VALUES 
(2, 2, 110, 110, NULL, '2025-08-13 18:00:00', '2025-08-13 18:00:00');
INSERT INTO orders (id, customer_id, car_id, started_at, ended_at, receive_at, return_at, total_day, total_weekday_amount, total_weekend_amount, total_amount, created_at, updated_at, rejected_at, approved_at) VALUES 
(3, 2, 4, '2025-08-09 19:00:00', '2025-08-13 18:00:00', '2025-08-09 19:00:00', '2025-08-13 18:00:00', 4, 260, 0, 260, '2025-08-09 19:00:00', '2025-08-13 18:00:00', NULL, '2025-08-08 18:00:00');
INSERT INTO invoices (id, order_id, amount, paid_amount, paid_at, created_at, updated_at) VALUES 
(3, 3, 260, 260, '2025-08-13 18:00:00', '2025-08-13 18:00:00', '2025-08-13 18:00:00');
INSERT INTO orders (id, customer_id, car_id, started_at, ended_at, receive_at, return_at, total_day, total_weekday_amount, total_weekend_amount, total_amount, created_at, updated_at, rejected_at, approved_at) VALUES 
(4, 4, 6, '2025-08-04 19:00:00', '2025-08-05 18:00:00', '2025-08-04 19:00:00', '2025-08-05 18:00:00', 1, 75, 0, 75, '2025-08-04 19:00:00', '2025-08-05 18:00:00', NULL, '2025-08-08 18:00:00');
INSERT INTO invoices (id, order_id, amount, paid_amount, paid_at, created_at, updated_at) VALUES 
(4, 4, 75, 75, '2025-08-05 18:00:00', '2025-08-05 18:00:00', '2025-08-05 18:00:00');
INSERT INTO orders (id, customer_id, car_id, started_at, ended_at, receive_at, return_at, total_day, total_weekday_amount, total_weekend_amount, total_amount, created_at, updated_at, rejected_at, approved_at) VALUES 
(5, 4, 8, '2025-08-16 19:00:00', '2025-08-21 18:00:00', NULL, NULL, 5, 425, 0, 425, '2025-08-16 19:00:00', '2025-08-21 18:00:00', NULL, NULL);
INSERT INTO invoices (id, order_id, amount, paid_amount, paid_at, created_at, updated_at) VALUES 
(5, 5, 425, 425, '2025-08-21 18:00:00', '2025-08-21 18:00:00', '2025-08-21 18:00:00');
COMMIT;